id;book_id;title;author;isbn;
1;34345;top Secret;author;34343434343;
2;34345;top Secret;author;34343434343;
3;34345;top Secret;author;34343434343;
4;34345;top Secret;author;34343434343;
5;34345;top Secret;author;34343434343;
6;34345;top Secret;author;34343434343;
7;34345;top Secret;author;34343434343;
8;34345;top Secret;author;34343434343;
9;34345;top Secret;author;34343434343;
10;34345;top Secret;author;34343434343;
11;34345;top Secret;author;34343434343;
12;34345;top Secret;author;34343434343;
13;34345;top Secret;author;34343434343;
14;34345;top Secret;author;34343434343;
15;34345;top Secret;author;34343434343;
16;34345;top Secret;author;34343434343;
17;34345;top Secret;author;34343434343;
18;34345;top Secret;author;34343434343;
19;34345;top Secret;author;34343434343;
20;34345;top Secret;author;34343434343;
21;34345;top Secret;author;34343434343;
22;34345;top Secret;author;34343434343;
23;34345;top Secret;author;34343434343;
24;34345;top Secret;author;34343434343;
25;34345;top Secret;author;34343434343;
26;34345;top Secret;author;34343434343;
27;34345;top Secret;author;34343434343;
28;34345;top Secret;author;34343434343;
29;34345;top Secret;author;34343434343;
30;34345;top Secret;author;34343434343;
31;34345;top Secret;author;34343434343;
32;34345;top Secret;author;34343434343;
33;34345;top Secret;author;34343434343;
34;34345;top Secret;author;34343434343;
35;34345;top Secret;author;34343434343;
36;34345;top Secret;author;34343434343;
37;55555;top Secret;author;34343434343;
38;34345;top Secret;author;34343434343;
39;34345;top Secret;author;34343434343;
40;34345;top Secret;author;34343434343;
41;34345;top Secret;author;34343434343;
42;34345;top Secret;author;34343434343;
43;34345;top Secret;author;34343434343;
44;34345;top Secret;author;34343434343;
45;34345;top Secret;author;34343434343;
46;34345;top Secret;author;34343434343;
47;34345;top Secret;author;34343434343;
48;34345;top Secret;author;34343434343;
49;34345;top Secret;author;34343434343;
50;34345;top Secret;author;34343434343;
51;34345;top Secret;author;34343434343;
52;34345;top Secret;author;34343434343;
53;34345;top Secret;author;34343434343;
54;34345;top Secret;author;34343434343;
55;34345;top Secret;author;34343434343;
56;34345;top Secret;author;34343434343;
57;34345;top Secret;author;34343434343;
58;34345;top Secret;author;34343434343;
59;34345;top Secret;author;34343434343;
60;34345;top Secret;author;34343434343;
61;34345;top Secret;author;34343434343;
62;34345;top Secret;author;34343434343;
63;34345;top Secret;author;34343434343;
64;34345;top Secret;author;34343434343;
65;34345;top Secret;author;34343434343;
66;34345;top Secret;author;34343434343;
67;34345;top Secret;author;34343434343;
68;34345;top Secret;author;34343434343;
69;34345;top Secret;author;34343434343;
70;34345;top Secret;author;34343434343;
71;34345;top Secret;author;34343434343;
72;34345;top Secret;author;34343434343;
73;34345;top Secret;author;34343434343;
74;34345;top Secret;author;34343434343;
75;34345;top Secret;author;34343434343;
76;34345;top Secret;author;34343434343;
77;34345;top Secret;author;34343434343;
78;34345;top Secret;author;34343434343;
79;34345;top Secret;author;34343434343;
80;34345;top Secret;author;34343434343;
81;34345;top Secret;author;34343434343;
82;34345;top Secret;author;34343434343;
83;34345;top Secret;author;34343434343;
84;34345;top Secret;author;34343434343;
85;34345;top Secret;author;34343434343;
86;34345;top Secret;author;34343434343;
87;34345;top Secret;author;34343434343;
88;34345;top Secret;author;34343434343;
89;34345;top Secret;author;34343434343;